"0","PMC2890845_Data$PMCID <- c(""PMC2890845"")"
"0","PMC3912837_Data$PMCID <- c(""PMC3912837"")"
"0","PMC2775422_Data$PMCID <- c(""PMC2775422"")"
"0","PMC3077530_Data$PMCID <- c(""PMC3077530"")"
"0","PMC4724864_Data$PMCID <- c(""PMC4724864"")"
"0","PMC6927206_Data$PMCID <- c(""PMC6927206"")"
"0","PMC3872086_Data$PMCID <- c(""PMC3872086"")"
"0","PMC4059435_Data$PMCID <- c(""PMC4059435"")"
"0","PMC3905728_Data$PMCID <- c(""PMC3905728"")"
"0","PMC3827979_Data$PMCID <- c(""PMC3827979"")"
"0",""
"0","PMCID <- c(PMC3077530_Data$PMCID, PMC2775422_Data$PMCID, PMC3912837_Data$PMCID, PMC2890845_Data$PMCID, PMC4724864_Data$PMCID, PMC6927206_Data$PMCID, PMC3872086_Data$PMCID, PMC4059435_Data$PMCID, PMC3905728_Data$PMCID, PMC3827979_Data$PMCID)"
